mean,std,max,min,sum,abs_sum,diff
4.519464272770619,6.548566695392572,163.5503099666193,-149.2186456843109,677919.640915593,832131.1597520255,2.69164677597612
